[{"pk": 1, "model": "contenttypes.contenttype", "fields": {"model": "permission", "name": "permission", "app_label": "auth"}}, {"pk": 2, "model": "contenttypes.contenttype", "fields": {"model": "group", "name": "group", "app_label": "auth"}}, {"pk": 3, "model": "contenttypes.contenttype", "fields": {"model": "user", "name": "user", "app_label": "auth"}}, {"pk": 4, "model": "contenttypes.contenttype", "fields": {"model": "contenttype", "name": "content type", "app_label": "contenttypes"}}, {"pk": 5, "model": "contenttypes.contenttype", "fields": {"model": "session", "name": "session", "app_label": "sessions"}}, {"pk": 6, "model": "contenttypes.contenttype", "fields": {"model": "migrationhistory", "name": "migration history", "app_label": "south"}}, {"pk": 7, "model": "contenttypes.contenttype", "fields": {"model": "logentry", "name": "log entry", "app_label": "admin"}}, {"pk": 8, "model": "contenttypes.contenttype", "fields": {"model": "tag", "name": "Tag", "app_label": "taggit"}}, {"pk": 9, "model": "contenttypes.contenttype", "fields": {"model": "taggeditem", "name": "Tagged Item", "app_label": "taggit"}}, {"pk": 10, "model": "contenttypes.contenttype", "fields": {"model": "page", "name": "page", "app_label": "wagtailcore"}}, {"pk": 11, "model": "contenttypes.contenttype", "fields": {"model": "site", "name": "site", "app_label": "wagtailcore"}}, {"pk": 12, "model": "contenttypes.contenttype", "fields": {"model": "pagerevision", "name": "page revision", "app_label": "wagtailcore"}}, {"pk": 13, "model": "contenttypes.contenttype", "fields": {"model": "grouppagepermission", "name": "group page permission", "app_label": "wagtailcore"}}, {"pk": 14, "model": "contenttypes.contenttype", "fields": {"model": "document", "name": "document", "app_label": "wagtaildocs"}}, {"pk": 15, "model": "contenttypes.contenttype", "fields": {"model": "image", "name": "image", "app_label": "wagtailimages"}}, {"pk": 16, "model": "contenttypes.contenttype", "fields": {"model": "filter", "name": "filter", "app_label": "wagtailimages"}}, {"pk": 17, "model": "contenttypes.contenttype", "fields": {"model": "rendition", "name": "rendition", "app_label": "wagtailimages"}}, {"pk": 18, "model": "contenttypes.contenttype", "fields": {"model": "embed", "name": "embed", "app_label": "wagtailembeds"}}, {"pk": 19, "model": "contenttypes.contenttype", "fields": {"model": "query", "name": "query", "app_label": "wagtailsearch"}}, {"pk": 20, "model": "contenttypes.contenttype", "fields": {"model": "querydailyhits", "name": "query daily hits", "app_label": "wagtailsearch"}}, {"pk": 21, "model": "contenttypes.contenttype", "fields": {"model": "editorspick", "name": "editors pick", "app_label": "wagtailsearch"}}, {"pk": 22, "model": "contenttypes.contenttype", "fields": {"model": "searchtest", "name": "search test", "app_label": "wagtailsearch"}}, {"pk": 23, "model": "contenttypes.contenttype", "fields": {"model": "searchtestchild", "name": "search test child", "app_label": "wagtailsearch"}}, {"pk": 24, "model": "contenttypes.contenttype", "fields": {"model": "redirect", "name": "redirect", "app_label": "wagtailredirects"}}, {"pk": 25, "model": "contenttypes.contenttype", "fields": {"model": "homepage", "name": "Homepage", "app_label": "torchbox"}}, {"pk": 26, "model": "contenttypes.contenttype", "fields": {"model": "standardpage", "name": "standard page", "app_label": "torchbox"}}, {"pk": 27, "model": "contenttypes.contenttype", "fields": {"model": "blogindexpage", "name": "blog index page", "app_label": "torchbox"}}, {"pk": 28, "model": "contenttypes.contenttype", "fields": {"model": "blogpage", "name": "blog page", "app_label": "torchbox"}}, {"pk": 29, "model": "contenttypes.contenttype", "fields": {"model": "jobpage", "name": "job page", "app_label": "torchbox"}}, {"pk": 30, "model": "contenttypes.contenttype", "fields": {"model": "jobindexpage", "name": "job index page", "app_label": "torchbox"}}, {"pk": 31, "model": "contenttypes.contenttype", "fields": {"model": "workpage", "name": "work page", "app_label": "torchbox"}}, {"pk": 32, "model": "contenttypes.contenttype", "fields": {"model": "workindexpage", "name": "work index page", "app_label": "torchbox"}}, {"pk": 33, "model": "contenttypes.contenttype", "fields": {"model": "personpage", "name": "person page", "app_label": "torchbox"}}, {"pk": 34, "model": "contenttypes.contenttype", "fields": {"model": "personindexpage", "name": "person index page", "app_label": "torchbox"}}, {"pk": 35, "model": "contenttypes.contenttype", "fields": {"model": "advertplacement", "name": "advert placement", "app_label": "torchbox"}}, {"pk": 36, "model": "contenttypes.contenttype", "fields": {"model": "advert", "name": "advert", "app_label": "torchbox"}}, {"pk": 37, "model": "contenttypes.contenttype", "fields": {"model": "homepagecarouselitem", "name": "home page carousel item", "app_label": "torchbox"}}, {"pk": 38, "model": "contenttypes.contenttype", "fields": {"model": "standardpagerelatedlink", "name": "standard page related link", "app_label": "torchbox"}}, {"pk": 39, "model": "contenttypes.contenttype", "fields": {"model": "blogindexpagerelatedlink", "name": "blog index page related link", "app_label": "torchbox"}}, {"pk": 40, "model": "contenttypes.contenttype", "fields": {"model": "blogpagerelatedlink", "name": "blog page related link", "app_label": "torchbox"}}, {"pk": 41, "model": "contenttypes.contenttype", "fields": {"model": "blogpagetag", "name": "blog page tag", "app_label": "torchbox"}}, {"pk": 42, "model": "contenttypes.contenttype", "fields": {"model": "blogpageauthor", "name": "blog page author", "app_label": "torchbox"}}, {"pk": 43, "model": "contenttypes.contenttype", "fields": {"model": "workpagescreenshot", "name": "work page screenshot", "app_label": "torchbox"}}, {"pk": 44, "model": "contenttypes.contenttype", "fields": {"model": "personpagerelatedlink", "name": "person page related link", "app_label": "torchbox"}}, {"pk": 45, "model": "contenttypes.contenttype", "fields": {"model": "standardpagecontentblock", "name": "standard page content block", "app_label": "torchbox"}}, {"pk": 46, "model": "contenttypes.contenttype", "fields": {"model": "jobindexpagecontentblock", "name": "job index page content block", "app_label": "torchbox"}}, {"pk": "typz21vpqxe1j2nxz7dvbrdezmc0kppd", "model": "sessions.session", "fields": {"expire_date": "2014-03-05T10:04:44.898Z", "session_data": "YmNkMGQzNjYxZmEwODExNmYzNjg3Yzk5NmM3NDU3NjUwZTg1ZGNiMDp7Il9hdXRoX3VzZXJfYmFja2VuZCI6ImRqYW5nby5jb250cmliLmF1dGguYmFja2VuZHMuTW9kZWxCYWNrZW5kIiwiX2F1dGhfdXNlcl9pZCI6MX0="}}, {"pk": 1, "model": "wagtailcore.site", "fields": {"root_page": 4, "hostname": "localhost", "port": 80, "is_default_site": true}}, {"pk": 1, "model": "wagtailimages.filter", "fields": {"spec": "max-130x130"}}, {"pk": 2, "model": "wagtailimages.filter", "fields": {"spec": "width-300"}}, {"pk": 1, "model": "torchbox.standardpagecontentblock", "fields": {"content": "<h3>This is my content block\u00a0This is my content blockThis is my content blockThis is my content blockThis is my content blockThis is my content blockThis is my content blockThis is my content block</h3><p>This is my content block<span>This is my content block</span><span>This is my content block</span><span>This is my content block</span><span>This is my content block</span><span>This is my content block</span><span>This is my content block</span><br/></p><p><span><br/></span></p><p>This is my content block<span>This is my content block</span><span>This is my content block</span><span>This is my content block</span><span>This is my content block</span><span><br/></span></p>", "sort_order": 0, "page": 14}}, {"pk": 2, "model": "torchbox.standardpagecontentblock", "fields": {"content": "<p>This is my second content block</p>", "sort_order": 1, "page": 14}}, {"pk": 1, "model": "torchbox.jobindexpagecontentblock", "fields": {"content": "<p>This is my first block of content</p>", "sort_order": 0, "page": 6}}, {"pk": 2, "model": "torchbox.jobindexpagecontentblock", "fields": {"content": "<p>Ths is another block of content</p>", "sort_order": 1, "page": 6}}, {"pk": 1, "model": "auth.permission", "fields": {"codename": "add_permission", "name": "Can add permission", "content_type": 1}}, {"pk": 2, "model": "auth.permission", "fields": {"codename": "change_permission", "name": "Can change permission", "content_type": 1}}, {"pk": 3, "model": "auth.permission", "fields": {"codename": "delete_permission", "name": "Can delete permission", "content_type": 1}}, {"pk": 4, "model": "auth.permission", "fields": {"codename": "add_group", "name": "Can add group", "content_type": 2}}, {"pk": 5, "model": "auth.permission", "fields": {"codename": "change_group", "name": "Can change group", "content_type": 2}}, {"pk": 6, "model": "auth.permission", "fields": {"codename": "delete_group", "name": "Can delete group", "content_type": 2}}, {"pk": 7, "model": "auth.permission", "fields": {"codename": "add_user", "name": "Can add user", "content_type": 3}}, {"pk": 8, "model": "auth.permission", "fields": {"codename": "change_user", "name": "Can change user", "content_type": 3}}, {"pk": 9, "model": "auth.permission", "fields": {"codename": "delete_user", "name": "Can delete user", "content_type": 3}}, {"pk": 10, "model": "auth.permission", "fields": {"codename": "add_contenttype", "name": "Can add content type", "content_type": 4}}, {"pk": 11, "model": "auth.permission", "fields": {"codename": "change_contenttype", "name": "Can change content type", "content_type": 4}}, {"pk": 12, "model": "auth.permission", "fields": {"codename": "delete_contenttype", "name": "Can delete content type", "content_type": 4}}, {"pk": 13, "model": "auth.permission", "fields": {"codename": "add_session", "name": "Can add session", "content_type": 5}}, {"pk": 14, "model": "auth.permission", "fields": {"codename": "change_session", "name": "Can change session", "content_type": 5}}, {"pk": 15, "model": "auth.permission", "fields": {"codename": "delete_session", "name": "Can delete session", "content_type": 5}}, {"pk": 16, "model": "auth.permission", "fields": {"codename": "add_migrationhistory", "name": "Can add migration history", "content_type": 6}}, {"pk": 17, "model": "auth.permission", "fields": {"codename": "change_migrationhistory", "name": "Can change migration history", "content_type": 6}}, {"pk": 18, "model": "auth.permission", "fields": {"codename": "delete_migrationhistory", "name": "Can delete migration history", "content_type": 6}}, {"pk": 19, "model": "auth.permission", "fields": {"codename": "add_logentry", "name": "Can add log entry", "content_type": 7}}, {"pk": 20, "model": "auth.permission", "fields": {"codename": "change_logentry", "name": "Can change log entry", "content_type": 7}}, {"pk": 21, "model": "auth.permission", "fields": {"codename": "delete_logentry", "name": "Can delete log entry", "content_type": 7}}, {"pk": 22, "model": "auth.permission", "fields": {"codename": "add_tag", "name": "Can add Tag", "content_type": 8}}, {"pk": 23, "model": "auth.permission", "fields": {"codename": "change_tag", "name": "Can change Tag", "content_type": 8}}, {"pk": 24, "model": "auth.permission", "fields": {"codename": "delete_tag", "name": "Can delete Tag", "content_type": 8}}, {"pk": 25, "model": "auth.permission", "fields": {"codename": "add_taggeditem", "name": "Can add Tagged Item", "content_type": 9}}, {"pk": 26, "model": "auth.permission", "fields": {"codename": "change_taggeditem", "name": "Can change Tagged Item", "content_type": 9}}, {"pk": 27, "model": "auth.permission", "fields": {"codename": "delete_taggeditem", "name": "Can delete Tagged Item", "content_type": 9}}, {"pk": 28, "model": "auth.permission", "fields": {"codename": "add_site", "name": "Can add site", "content_type": 11}}, {"pk": 29, "model": "auth.permission", "fields": {"codename": "change_site", "name": "Can change site", "content_type": 11}}, {"pk": 30, "model": "auth.permission", "fields": {"codename": "delete_site", "name": "Can delete site", "content_type": 11}}, {"pk": 31, "model": "auth.permission", "fields": {"codename": "add_page", "name": "Can add page", "content_type": 10}}, {"pk": 32, "model": "auth.permission", "fields": {"codename": "change_page", "name": "Can change page", "content_type": 10}}, {"pk": 33, "model": "auth.permission", "fields": {"codename": "delete_page", "name": "Can delete page", "content_type": 10}}, {"pk": 34, "model": "auth.permission", "fields": {"codename": "add_pagerevision", "name": "Can add page revision", "content_type": 12}}, {"pk": 35, "model": "auth.permission", "fields": {"codename": "change_pagerevision", "name": "Can change page revision", "content_type": 12}}, {"pk": 36, "model": "auth.permission", "fields": {"codename": "delete_pagerevision", "name": "Can delete page revision", "content_type": 12}}, {"pk": 37, "model": "auth.permission", "fields": {"codename": "add_grouppagepermission", "name": "Can add group page permission", "content_type": 13}}, {"pk": 38, "model": "auth.permission", "fields": {"codename": "change_grouppagepermission", "name": "Can change group page permission", "content_type": 13}}, {"pk": 39, "model": "auth.permission", "fields": {"codename": "delete_grouppagepermission", "name": "Can delete group page permission", "content_type": 13}}, {"pk": 40, "model": "auth.permission", "fields": {"codename": "add_document", "name": "Can add document", "content_type": 14}}, {"pk": 41, "model": "auth.permission", "fields": {"codename": "change_document", "name": "Can change document", "content_type": 14}}, {"pk": 42, "model": "auth.permission", "fields": {"codename": "delete_document", "name": "Can delete document", "content_type": 14}}, {"pk": 43, "model": "auth.permission", "fields": {"codename": "add_image", "name": "Can add image", "content_type": 15}}, {"pk": 44, "model": "auth.permission", "fields": {"codename": "change_image", "name": "Can change image", "content_type": 15}}, {"pk": 45, "model": "auth.permission", "fields": {"codename": "delete_image", "name": "Can delete image", "content_type": 15}}, {"pk": 46, "model": "auth.permission", "fields": {"codename": "add_filter", "name": "Can add filter", "content_type": 16}}, {"pk": 47, "model": "auth.permission", "fields": {"codename": "change_filter", "name": "Can change filter", "content_type": 16}}, {"pk": 48, "model": "auth.permission", "fields": {"codename": "delete_filter", "name": "Can delete filter", "content_type": 16}}, {"pk": 49, "model": "auth.permission", "fields": {"codename": "add_rendition", "name": "Can add rendition", "content_type": 17}}, {"pk": 50, "model": "auth.permission", "fields": {"codename": "change_rendition", "name": "Can change rendition", "content_type": 17}}, {"pk": 51, "model": "auth.permission", "fields": {"codename": "delete_rendition", "name": "Can delete rendition", "content_type": 17}}, {"pk": 52, "model": "auth.permission", "fields": {"codename": "add_embed", "name": "Can add embed", "content_type": 18}}, {"pk": 53, "model": "auth.permission", "fields": {"codename": "change_embed", "name": "Can change embed", "content_type": 18}}, {"pk": 54, "model": "auth.permission", "fields": {"codename": "delete_embed", "name": "Can delete embed", "content_type": 18}}, {"pk": 55, "model": "auth.permission", "fields": {"codename": "add_query", "name": "Can add query", "content_type": 19}}, {"pk": 56, "model": "auth.permission", "fields": {"codename": "change_query", "name": "Can change query", "content_type": 19}}, {"pk": 57, "model": "auth.permission", "fields": {"codename": "delete_query", "name": "Can delete query", "content_type": 19}}, {"pk": 58, "model": "auth.permission", "fields": {"codename": "add_querydailyhits", "name": "Can add query daily hits", "content_type": 20}}, {"pk": 59, "model": "auth.permission", "fields": {"codename": "change_querydailyhits", "name": "Can change query daily hits", "content_type": 20}}, {"pk": 60, "model": "auth.permission", "fields": {"codename": "delete_querydailyhits", "name": "Can delete query daily hits", "content_type": 20}}, {"pk": 61, "model": "auth.permission", "fields": {"codename": "add_editorspick", "name": "Can add editors pick", "content_type": 21}}, {"pk": 62, "model": "auth.permission", "fields": {"codename": "change_editorspick", "name": "Can change editors pick", "content_type": 21}}, {"pk": 63, "model": "auth.permission", "fields": {"codename": "delete_editorspick", "name": "Can delete editors pick", "content_type": 21}}, {"pk": 64, "model": "auth.permission", "fields": {"codename": "add_searchtest", "name": "Can add search test", "content_type": 22}}, {"pk": 65, "model": "auth.permission", "fields": {"codename": "change_searchtest", "name": "Can change search test", "content_type": 22}}, {"pk": 66, "model": "auth.permission", "fields": {"codename": "delete_searchtest", "name": "Can delete search test", "content_type": 22}}, {"pk": 67, "model": "auth.permission", "fields": {"codename": "add_searchtestchild", "name": "Can add search test child", "content_type": 23}}, {"pk": 68, "model": "auth.permission", "fields": {"codename": "change_searchtestchild", "name": "Can change search test child", "content_type": 23}}, {"pk": 69, "model": "auth.permission", "fields": {"codename": "delete_searchtestchild", "name": "Can delete search test child", "content_type": 23}}, {"pk": 70, "model": "auth.permission", "fields": {"codename": "add_redirect", "name": "Can add redirect", "content_type": 24}}, {"pk": 71, "model": "auth.permission", "fields": {"codename": "change_redirect", "name": "Can change redirect", "content_type": 24}}, {"pk": 72, "model": "auth.permission", "fields": {"codename": "delete_redirect", "name": "Can delete redirect", "content_type": 24}}, {"pk": 73, "model": "auth.permission", "fields": {"codename": "add_advertplacement", "name": "Can add advert placement", "content_type": 35}}, {"pk": 74, "model": "auth.permission", "fields": {"codename": "change_advertplacement", "name": "Can change advert placement", "content_type": 35}}, {"pk": 75, "model": "auth.permission", "fields": {"codename": "delete_advertplacement", "name": "Can delete advert placement", "content_type": 35}}, {"pk": 76, "model": "auth.permission", "fields": {"codename": "add_advert", "name": "Can add advert", "content_type": 36}}, {"pk": 77, "model": "auth.permission", "fields": {"codename": "change_advert", "name": "Can change advert", "content_type": 36}}, {"pk": 78, "model": "auth.permission", "fields": {"codename": "delete_advert", "name": "Can delete advert", "content_type": 36}}, {"pk": 79, "model": "auth.permission", "fields": {"codename": "add_homepagecarouselitem", "name": "Can add home page carousel item", "content_type": 37}}, {"pk": 80, "model": "auth.permission", "fields": {"codename": "change_homepagecarouselitem", "name": "Can change home page carousel item", "content_type": 37}}, {"pk": 81, "model": "auth.permission", "fields": {"codename": "delete_homepagecarouselitem", "name": "Can delete home page carousel item", "content_type": 37}}, {"pk": 82, "model": "auth.permission", "fields": {"codename": "add_homepage", "name": "Can add Homepage", "content_type": 25}}, {"pk": 83, "model": "auth.permission", "fields": {"codename": "change_homepage", "name": "Can change Homepage", "content_type": 25}}, {"pk": 84, "model": "auth.permission", "fields": {"codename": "delete_homepage", "name": "Can delete Homepage", "content_type": 25}}, {"pk": 85, "model": "auth.permission", "fields": {"codename": "add_standardpagerelatedlink", "name": "Can add standard page related link", "content_type": 38}}, {"pk": 86, "model": "auth.permission", "fields": {"codename": "change_standardpagerelatedlink", "name": "Can change standard page related link", "content_type": 38}}, {"pk": 87, "model": "auth.permission", "fields": {"codename": "delete_standardpagerelatedlink", "name": "Can delete standard page related link", "content_type": 38}}, {"pk": 88, "model": "auth.permission", "fields": {"codename": "add_standardpage", "name": "Can add standard page", "content_type": 26}}, {"pk": 89, "model": "auth.permission", "fields": {"codename": "change_standardpage", "name": "Can change standard page", "content_type": 26}}, {"pk": 90, "model": "auth.permission", "fields": {"codename": "delete_standardpage", "name": "Can delete standard page", "content_type": 26}}, {"pk": 91, "model": "auth.permission", "fields": {"codename": "add_blogindexpagerelatedlink", "name": "Can add blog index page related link", "content_type": 39}}, {"pk": 92, "model": "auth.permission", "fields": {"codename": "change_blogindexpagerelatedlink", "name": "Can change blog index page related link", "content_type": 39}}, {"pk": 93, "model": "auth.permission", "fields": {"codename": "delete_blogindexpagerelatedlink", "name": "Can delete blog index page related link", "content_type": 39}}, {"pk": 94, "model": "auth.permission", "fields": {"codename": "add_blogindexpage", "name": "Can add blog index page", "content_type": 27}}, {"pk": 95, "model": "auth.permission", "fields": {"codename": "change_blogindexpage", "name": "Can change blog index page", "content_type": 27}}, {"pk": 96, "model": "auth.permission", "fields": {"codename": "delete_blogindexpage", "name": "Can delete blog index page", "content_type": 27}}, {"pk": 97, "model": "auth.permission", "fields": {"codename": "add_blogpagerelatedlink", "name": "Can add blog page related link", "content_type": 40}}, {"pk": 98, "model": "auth.permission", "fields": {"codename": "change_blogpagerelatedlink", "name": "Can change blog page related link", "content_type": 40}}, {"pk": 99, "model": "auth.permission", "fields": {"codename": "delete_blogpagerelatedlink", "name": "Can delete blog page related link", "content_type": 40}}, {"pk": 100, "model": "auth.permission", "fields": {"codename": "add_blogpagetag", "name": "Can add blog page tag", "content_type": 41}}, {"pk": 101, "model": "auth.permission", "fields": {"codename": "change_blogpagetag", "name": "Can change blog page tag", "content_type": 41}}, {"pk": 102, "model": "auth.permission", "fields": {"codename": "delete_blogpagetag", "name": "Can delete blog page tag", "content_type": 41}}, {"pk": 103, "model": "auth.permission", "fields": {"codename": "add_blogpageauthor", "name": "Can add blog page author", "content_type": 42}}, {"pk": 104, "model": "auth.permission", "fields": {"codename": "change_blogpageauthor", "name": "Can change blog page author", "content_type": 42}}, {"pk": 105, "model": "auth.permission", "fields": {"codename": "delete_blogpageauthor", "name": "Can delete blog page author", "content_type": 42}}, {"pk": 106, "model": "auth.permission", "fields": {"codename": "add_blogpage", "name": "Can add blog page", "content_type": 28}}, {"pk": 107, "model": "auth.permission", "fields": {"codename": "change_blogpage", "name": "Can change blog page", "content_type": 28}}, {"pk": 108, "model": "auth.permission", "fields": {"codename": "delete_blogpage", "name": "Can delete blog page", "content_type": 28}}, {"pk": 109, "model": "auth.permission", "fields": {"codename": "add_jobpage", "name": "Can add job page", "content_type": 29}}, {"pk": 110, "model": "auth.permission", "fields": {"codename": "change_jobpage", "name": "Can change job page", "content_type": 29}}, {"pk": 111, "model": "auth.permission", "fields": {"codename": "delete_jobpage", "name": "Can delete job page", "content_type": 29}}, {"pk": 112, "model": "auth.permission", "fields": {"codename": "add_jobindexpage", "name": "Can add job index page", "content_type": 30}}, {"pk": 113, "model": "auth.permission", "fields": {"codename": "change_jobindexpage", "name": "Can change job index page", "content_type": 30}}, {"pk": 114, "model": "auth.permission", "fields": {"codename": "delete_jobindexpage", "name": "Can delete job index page", "content_type": 30}}, {"pk": 115, "model": "auth.permission", "fields": {"codename": "add_workpagescreenshot", "name": "Can add work page screenshot", "content_type": 43}}, {"pk": 116, "model": "auth.permission", "fields": {"codename": "change_workpagescreenshot", "name": "Can change work page screenshot", "content_type": 43}}, {"pk": 117, "model": "auth.permission", "fields": {"codename": "delete_workpagescreenshot", "name": "Can delete work page screenshot", "content_type": 43}}, {"pk": 118, "model": "auth.permission", "fields": {"codename": "add_workpage", "name": "Can add work page", "content_type": 31}}, {"pk": 119, "model": "auth.permission", "fields": {"codename": "change_workpage", "name": "Can change work page", "content_type": 31}}, {"pk": 120, "model": "auth.permission", "fields": {"codename": "delete_workpage", "name": "Can delete work page", "content_type": 31}}, {"pk": 121, "model": "auth.permission", "fields": {"codename": "add_workindexpage", "name": "Can add work index page", "content_type": 32}}, {"pk": 122, "model": "auth.permission", "fields": {"codename": "change_workindexpage", "name": "Can change work index page", "content_type": 32}}, {"pk": 123, "model": "auth.permission", "fields": {"codename": "delete_workindexpage", "name": "Can delete work index page", "content_type": 32}}, {"pk": 124, "model": "auth.permission", "fields": {"codename": "add_personpagerelatedlink", "name": "Can add person page related link", "content_type": 44}}, {"pk": 125, "model": "auth.permission", "fields": {"codename": "change_personpagerelatedlink", "name": "Can change person page related link", "content_type": 44}}, {"pk": 126, "model": "auth.permission", "fields": {"codename": "delete_personpagerelatedlink", "name": "Can delete person page related link", "content_type": 44}}, {"pk": 127, "model": "auth.permission", "fields": {"codename": "add_personpage", "name": "Can add person page", "content_type": 33}}, {"pk": 128, "model": "auth.permission", "fields": {"codename": "change_personpage", "name": "Can change person page", "content_type": 33}}, {"pk": 129, "model": "auth.permission", "fields": {"codename": "delete_personpage", "name": "Can delete person page", "content_type": 33}}, {"pk": 130, "model": "auth.permission", "fields": {"codename": "add_personindexpage", "name": "Can add person index page", "content_type": 34}}, {"pk": 131, "model": "auth.permission", "fields": {"codename": "change_personindexpage", "name": "Can change person index page", "content_type": 34}}, {"pk": 132, "model": "auth.permission", "fields": {"codename": "delete_personindexpage", "name": "Can delete person index page", "content_type": 34}}, {"pk": 133, "model": "auth.permission", "fields": {"codename": "add_standardpagecontentblock", "name": "Can add standard page content block", "content_type": 45}}, {"pk": 134, "model": "auth.permission", "fields": {"codename": "change_standardpagecontentblock", "name": "Can change standard page content block", "content_type": 45}}, {"pk": 135, "model": "auth.permission", "fields": {"codename": "delete_standardpagecontentblock", "name": "Can delete standard page content block", "content_type": 45}}, {"pk": 136, "model": "auth.permission", "fields": {"codename": "add_jobindexpagecontentblock", "name": "Can add job index page content block", "content_type": 46}}, {"pk": 137, "model": "auth.permission", "fields": {"codename": "change_jobindexpagecontentblock", "name": "Can change job index page content block", "content_type": 46}}, {"pk": 138, "model": "auth.permission", "fields": {"codename": "delete_jobindexpagecontentblock", "name": "Can delete job index page content block", "content_type": 46}}, {"pk": 1, "model": "auth.group", "fields": {"name": "Editors", "permissions": [40, 41, 42, 43, 44, 45]}}, {"pk": 2, "model": "auth.group", "fields": {"name": "Moderators", "permissions": [40, 41, 42, 43, 44, 45]}}, {"pk": 1, "model": "auth.user", "fields": {"username": "admin", "first_name": "", "last_name": "", "is_active": true, "is_superuser": true, "is_staff": true, "last_login": "2014-02-19T10:04:44.845Z", "groups": [], "user_permissions": [], "password": "pbkdf2_sha256$12000$K21XON4GF0eF$BVA0HGo7lper2OyvmjHD6AHDg0PnKoZQ5fookaVdBuY=", "email": "david@torchbox.com", "date_joined": "2014-02-19T10:02:54.158Z"}}, {"pk": 1, "model": "admin.logentry", "fields": {"action_flag": 2, "action_time": "2014-02-19T10:07:32.185Z", "object_repr": "localhost [default]", "object_id": "1", "change_message": "Changed root_page.", "user": 1, "content_type": 11}}, {"pk": 2, "model": "admin.logentry", "fields": {"action_flag": 2, "action_time": "2014-02-19T10:33:43.029Z", "object_repr": "localhost [default]", "object_id": "1", "change_message": "No fields changed.", "user": 1, "content_type": 11}}, {"pk": 1, "model": "wagtailcore.page", "fields": {"title": "Root", "numchild": 1, "show_in_menus": false, "live": true, "seo_title": "", "depth": 1, "search_description": "", "content_type": 10, "has_unpublished_changes": false, "owner": null, "path": "0001", "url_path": "/", "slug": "root"}}, {"pk": 4, "model": "wagtailcore.page", "fields": {"title": "Torchbox.com homepage", "numchild": 3, "show_in_menus": false, "live": true, "seo_title": "", "depth": 2, "search_description": "", "content_type": 25, "has_unpublished_changes": false, "owner": 1, "path": "00010002", "url_path": "/torchboxcom-homepage/", "slug": "torchboxcom-homepage"}}, {"pk": 5, "model": "wagtailcore.page", "fields": {"title": "Blog", "numchild": 1, "show_in_menus": true, "live": true, "seo_title": "", "depth": 3, "search_description": "", "content_type": 27, "has_unpublished_changes": false, "owner": 1, "path": "000100020001", "url_path": "/torchboxcom-homepage/blog/", "slug": "blog"}}, {"pk": 6, "model": "wagtailcore.page", "fields": {"title": "Jobs index", "numchild": 1, "show_in_menus": true, "live": true, "seo_title": "", "depth": 4, "search_description": "", "content_type": 30, "has_unpublished_changes": false, "owner": 1, "path": "0001000200060001", "url_path": "/torchboxcom-homepage/about/jobs-index/", "slug": "jobs-index"}}, {"pk": 7, "model": "wagtailcore.page", "fields": {"title": "Work", "numchild": 1, "show_in_menus": true, "live": true, "seo_title": "", "depth": 3, "search_description": "", "content_type": 32, "has_unpublished_changes": false, "owner": 1, "path": "000100020003", "url_path": "/torchboxcom-homepage/work/", "slug": "work"}}, {"pk": 8, "model": "wagtailcore.page", "fields": {"title": "Team index", "numchild": 1, "show_in_menus": true, "live": true, "seo_title": "", "depth": 4, "search_description": "", "content_type": 34, "has_unpublished_changes": false, "owner": 1, "path": "0001000200060002", "url_path": "/torchboxcom-homepage/about/team-index/", "slug": "team-index"}}, {"pk": 9, "model": "wagtailcore.page", "fields": {"title": "First blog", "numchild": 0, "show_in_menus": false, "live": true, "seo_title": "", "depth": 4, "search_description": "", "content_type": 28, "has_unpublished_changes": false, "owner": 1, "path": "0001000200010001", "url_path": "/torchboxcom-homepage/blog/first-blog/", "slug": "first-blog"}}, {"pk": 10, "model": "wagtailcore.page", "fields": {"title": "First job", "numchild": 0, "show_in_menus": false, "live": true, "seo_title": "", "depth": 5, "search_description": "", "content_type": 29, "has_unpublished_changes": false, "owner": 1, "path": "00010002000600010001", "url_path": "/torchboxcom-homepage/about/jobs-index/first-job/", "slug": "first-job"}}, {"pk": 11, "model": "wagtailcore.page", "fields": {"title": "A piece of work", "numchild": 0, "show_in_menus": false, "live": true, "seo_title": "", "depth": 4, "search_description": "", "content_type": 31, "has_unpublished_changes": false, "owner": 1, "path": "0001000200030001", "url_path": "/torchboxcom-homepage/work/piece-work/", "slug": "piece-work"}}, {"pk": 12, "model": "wagtailcore.page", "fields": {"title": "A person", "numchild": 0, "show_in_menus": false, "live": true, "seo_title": "", "depth": 5, "search_description": "", "content_type": 33, "has_unpublished_changes": false, "owner": 1, "path": "00010002000600020001", "url_path": "/torchboxcom-homepage/about/team-index/person/", "slug": "person"}}, {"pk": 13, "model": "wagtailcore.page", "fields": {"title": "Services", "numchild": 0, "show_in_menus": true, "live": true, "seo_title": "", "depth": 4, "search_description": "", "content_type": 26, "has_unpublished_changes": false, "owner": 1, "path": "0001000200060003", "url_path": "/torchboxcom-homepage/about/services/", "slug": "services"}}, {"pk": 14, "model": "wagtailcore.page", "fields": {"title": "About", "numchild": 3, "show_in_menus": true, "live": true, "seo_title": "", "depth": 3, "search_description": "", "content_type": 26, "has_unpublished_changes": false, "owner": 1, "path": "000100020006", "url_path": "/torchboxcom-homepage/about/", "slug": "about"}}, {"pk": 1, "model": "wagtailcore.pagerevision", "fields": {"created_at": "2014-02-19T10:07:06.686Z", "submitted_for_moderation": false, "content_json": "{\"carousel_items\": [], \"title\": \"Torchbox.com homepage\", \"numchild\": 0, \"show_in_menus\": false, \"live\": true, \"seo_title\": \"\", \"search_description\": \"\", \"depth\": 3, \"has_unpublished_changes\": false, \"content_type\": 25, \"path\": \"000100010001\", \"owner\": 1, \"pk\": 4, \"url_path\": \"/home/torchboxcom-homepage/\", \"slug\": \"torchboxcom-homepage\"}", "page": 4, "user": 1}}, {"pk": 2, "model": "wagtailcore.pagerevision", "fields": {"created_at": "2014-02-19T10:28:43.387Z", "submitted_for_moderation": false, "content_json": "{\"carousel_items\": [], \"title\": \"Torchbox.com homepage\", \"numchild\": 0, \"show_in_menus\": false, \"live\": true, \"seo_title\": \"\", \"search_description\": \"\", \"depth\": 3, \"has_unpublished_changes\": false, \"content_type\": 25, \"path\": \"000100010001\", \"owner\": 1, \"pk\": 4, \"url_path\": \"/home/torchboxcom-homepage/\", \"slug\": \"torchboxcom-homepage\"}", "page": 4, "user": 1}}, {"pk": 3, "model": "wagtailcore.pagerevision", "fields": {"created_at": "2014-02-19T10:34:19.009Z", "submitted_for_moderation": false, "content_json": "{\"related_links\": [], \"title\": \"Blog index\", \"numchild\": 0, \"show_in_menus\": false, \"live\": true, \"seo_title\": \"\", \"search_description\": \"\", \"depth\": 3, \"intro\": \"<p>intro</p>\", \"has_unpublished_changes\": false, \"content_type\": 27, \"path\": \"000100020001\", \"owner\": 1, \"pk\": 5, \"url_path\": \"/torchboxcom-homepage/blog-index/\", \"slug\": \"blog-index\"}", "page": 5, "user": 1}}, {"pk": 4, "model": "wagtailcore.pagerevision", "fields": {"created_at": "2014-02-19T10:34:38.519Z", "submitted_for_moderation": false, "content_json": "{\"title\": \"Jobs index\", \"numchild\": 0, \"show_in_menus\": false, \"live\": true, \"seo_title\": \"\", \"search_description\": \"\", \"depth\": 3, \"intro\": \"<p>intro</p>\", \"has_unpublished_changes\": false, \"content_type\": 30, \"path\": \"000100020002\", \"owner\": 1, \"pk\": 6, \"url_path\": \"/torchboxcom-homepage/jobs-index/\", \"slug\": \"jobs-index\"}", "page": 6, "user": 1}}, {"pk": 5, "model": "wagtailcore.pagerevision", "fields": {"created_at": "2014-02-19T10:34:51.758Z", "submitted_for_moderation": false, "content_json": "{\"title\": \"Work index\", \"numchild\": 0, \"show_in_menus\": false, \"live\": true, \"seo_title\": \"\", \"search_description\": \"\", \"depth\": 3, \"intro\": \"<p>intro</p>\", \"has_unpublished_changes\": false, \"content_type\": 32, \"path\": \"000100020003\", \"owner\": 1, \"pk\": 7, \"url_path\": \"/torchboxcom-homepage/work-index/\", \"slug\": \"work-index\"}", "page": 7, "user": 1}}, {"pk": 6, "model": "wagtailcore.pagerevision", "fields": {"created_at": "2014-02-19T10:35:06.834Z", "submitted_for_moderation": false, "content_json": "{\"title\": \"Team index\", \"numchild\": 0, \"show_in_menus\": false, \"live\": true, \"seo_title\": \"\", \"search_description\": \"\", \"depth\": 3, \"intro\": \"<p>intro</p>\", \"has_unpublished_changes\": false, \"content_type\": 34, \"path\": \"000100020004\", \"owner\": 1, \"pk\": 8, \"url_path\": \"/torchboxcom-homepage/team-index/\", \"slug\": \"team-index\"}", "page": 8, "user": 1}}, {"pk": 7, "model": "wagtailcore.pagerevision", "fields": {"created_at": "2014-02-19T10:42:52.498Z", "submitted_for_moderation": false, "content_json": "{\"body\": \"<p>blog</p>\", \"feed_image\": null, \"related_links\": [], \"date\": \"2014-02-17\", \"related_author\": [], \"title\": \"First blog\", \"tagged_items\": [], \"numchild\": 0, \"show_in_menus\": false, \"live\": true, \"seo_title\": \"\", \"search_description\": \"\", \"depth\": 4, \"intro\": \"\", \"has_unpublished_changes\": false, \"content_type\": 28, \"path\": \"0001000200010001\", \"owner\": 1, \"pk\": 9, \"url_path\": \"/torchboxcom-homepage/blog-index/first-blog/\", \"slug\": \"first-blog\"}", "page": 9, "user": 1}}, {"pk": 8, "model": "wagtailcore.pagerevision", "fields": {"created_at": "2014-02-19T10:43:12.925Z", "submitted_for_moderation": false, "content_json": "{\"body\": \"<p>body</p>\", \"title\": \"First job\", \"numchild\": 0, \"show_in_menus\": false, \"live\": true, \"seo_title\": \"\", \"search_description\": \"\", \"depth\": 4, \"has_unpublished_changes\": false, \"content_type\": 29, \"path\": \"0001000200020001\", \"owner\": 1, \"pk\": 10, \"url_path\": \"/torchboxcom-homepage/jobs-index/first-job/\", \"slug\": \"first-job\"}", "page": 10, "user": 1}}, {"pk": 9, "model": "wagtailcore.pagerevision", "fields": {"created_at": "2014-02-19T10:43:29.510Z", "submitted_for_moderation": false, "content_json": "{\"body\": \"\", \"title\": \"A piece of work\", \"numchild\": 0, \"show_in_menus\": false, \"live\": true, \"seo_title\": \"\", \"search_description\": \"\", \"depth\": 4, \"intro\": \"\", \"summary\": \"summary\", \"has_unpublished_changes\": false, \"content_type\": 31, \"path\": \"0001000200030001\", \"owner\": 1, \"pk\": 11, \"url_path\": \"/torchboxcom-homepage/work-index/piece-work/\", \"screenshots\": [], \"slug\": \"piece-work\"}", "page": 11, "user": 1}}, {"pk": 10, "model": "wagtailcore.pagerevision", "fields": {"created_at": "2014-02-19T10:43:45.030Z", "submitted_for_moderation": false, "content_json": "{\"last_name\": \"Person\", \"image\": null, \"telephone\": \"\", \"search_description\": \"\", \"intro\": \"\", \"owner\": 1, \"biography\": \"\", \"feed_image\": null, \"city\": \"\", \"first_name\": \"A\", \"title\": \"A person\", \"seo_title\": \"\", \"slug\": \"person\", \"live\": true, \"role\": \"\", \"has_unpublished_changes\": false, \"email\": \"\", \"post_code\": \"\", \"numchild\": 0, \"related_links\": [], \"content_type\": 33, \"show_in_menus\": false, \"path\": \"0001000200040001\", \"url_path\": \"/torchboxcom-homepage/team-index/person/\", \"pk\": 12, \"country\": \"\", \"depth\": 4, \"address_1\": \"\", \"address_2\": \"\"}", "page": 12, "user": 1}}, {"pk": 11, "model": "wagtailcore.pagerevision", "fields": {"created_at": "2014-02-19T10:44:37.493Z", "submitted_for_moderation": false, "content_json": "{\"body\": \"\", \"feed_image\": null, \"related_links\": [], \"title\": \"Services\", \"numchild\": 0, \"show_in_menus\": false, \"live\": true, \"seo_title\": \"\", \"search_description\": \"\", \"depth\": 3, \"intro\": \"\", \"has_unpublished_changes\": false, \"content_type\": 26, \"path\": \"000100020005\", \"owner\": 1, \"pk\": 13, \"url_path\": \"/torchboxcom-homepage/services/\", \"slug\": \"services\"}", "page": 13, "user": 1}}, {"pk": 12, "model": "wagtailcore.pagerevision", "fields": {"created_at": "2014-02-19T10:54:07.262Z", "submitted_for_moderation": false, "content_json": "{\"body\": \"\", \"feed_image\": null, \"related_links\": [], \"title\": \"About\", \"numchild\": 0, \"show_in_menus\": false, \"live\": true, \"seo_title\": \"\", \"search_description\": \"\", \"depth\": 3, \"intro\": \"<p>about us</p>\", \"has_unpublished_changes\": false, \"content_type\": 26, \"path\": \"000100020006\", \"owner\": 1, \"pk\": 14, \"url_path\": \"/torchboxcom-homepage/about/\", \"slug\": \"about\"}", "page": 14, "user": 1}}, {"pk": 13, "model": "wagtailcore.pagerevision", "fields": {"created_at": "2014-02-19T10:55:26.098Z", "submitted_for_moderation": false, "content_json": "{\"related_links\": [], \"title\": \"Blog index\", \"numchild\": 1, \"show_in_menus\": true, \"live\": true, \"seo_title\": \"\", \"search_description\": \"\", \"depth\": 3, \"intro\": \"<p>intro</p>\", \"has_unpublished_changes\": false, \"content_type\": 27, \"path\": \"000100020001\", \"owner\": 1, \"pk\": 5, \"url_path\": \"/torchboxcom-homepage/blog-index/\", \"slug\": \"blog-index\"}", "page": 5, "user": 1}}, {"pk": 14, "model": "wagtailcore.pagerevision", "fields": {"created_at": "2014-02-19T10:55:30.543Z", "submitted_for_moderation": false, "content_json": "{\"title\": \"Work index\", \"numchild\": 1, \"show_in_menus\": true, \"live\": true, \"seo_title\": \"\", \"search_description\": \"\", \"depth\": 3, \"intro\": \"<p>intro</p>\", \"has_unpublished_changes\": false, \"content_type\": 32, \"path\": \"000100020003\", \"owner\": 1, \"pk\": 7, \"url_path\": \"/torchboxcom-homepage/work-index/\", \"slug\": \"work-index\"}", "page": 7, "user": 1}}, {"pk": 15, "model": "wagtailcore.pagerevision", "fields": {"created_at": "2014-02-19T10:55:34.846Z", "submitted_for_moderation": false, "content_json": "{\"body\": \"\", \"feed_image\": null, \"related_links\": [], \"title\": \"About\", \"numchild\": 3, \"show_in_menus\": true, \"live\": true, \"seo_title\": \"\", \"search_description\": \"\", \"depth\": 3, \"intro\": \"<p>about us</p>\", \"has_unpublished_changes\": false, \"content_type\": 26, \"path\": \"000100020006\", \"owner\": 1, \"pk\": 14, \"url_path\": \"/torchboxcom-homepage/about/\", \"slug\": \"about\"}", "page": 14, "user": 1}}, {"pk": 16, "model": "wagtailcore.pagerevision", "fields": {"created_at": "2014-02-19T10:59:57.616Z", "submitted_for_moderation": false, "content_json": "{\"title\": \"Jobs index\", \"numchild\": 1, \"show_in_menus\": true, \"live\": true, \"seo_title\": \"\", \"search_description\": \"\", \"depth\": 4, \"intro\": \"<p>intro</p>\", \"has_unpublished_changes\": false, \"content_type\": 30, \"path\": \"0001000200060001\", \"owner\": 1, \"pk\": 6, \"url_path\": \"/torchboxcom-homepage/about/jobs-index/\", \"slug\": \"jobs-index\"}", "page": 6, "user": 1}}, {"pk": 17, "model": "wagtailcore.pagerevision", "fields": {"created_at": "2014-02-19T11:00:01.673Z", "submitted_for_moderation": false, "content_json": "{\"title\": \"Team index\", \"numchild\": 1, \"show_in_menus\": true, \"live\": true, \"seo_title\": \"\", \"search_description\": \"\", \"depth\": 4, \"intro\": \"<p>intro</p>\", \"has_unpublished_changes\": false, \"content_type\": 34, \"path\": \"0001000200060002\", \"owner\": 1, \"pk\": 8, \"url_path\": \"/torchboxcom-homepage/about/team-index/\", \"slug\": \"team-index\"}", "page": 8, "user": 1}}, {"pk": 18, "model": "wagtailcore.pagerevision", "fields": {"created_at": "2014-02-19T11:00:07.216Z", "submitted_for_moderation": false, "content_json": "{\"body\": \"\", \"feed_image\": null, \"related_links\": [], \"title\": \"Services\", \"numchild\": 0, \"show_in_menus\": true, \"live\": true, \"seo_title\": \"\", \"search_description\": \"\", \"depth\": 4, \"intro\": \"\", \"has_unpublished_changes\": false, \"content_type\": 26, \"path\": \"0001000200060003\", \"owner\": 1, \"pk\": 13, \"url_path\": \"/torchboxcom-homepage/about/services/\", \"slug\": \"services\"}", "page": 13, "user": 1}}, {"pk": 19, "model": "wagtailcore.pagerevision", "fields": {"created_at": "2014-02-19T11:09:31.746Z", "submitted_for_moderation": false, "content_json": "{\"related_links\": [], \"title\": \"Blog\", \"numchild\": 1, \"show_in_menus\": true, \"live\": true, \"seo_title\": \"\", \"search_description\": \"\", \"depth\": 3, \"intro\": \"<p>intro</p>\", \"has_unpublished_changes\": false, \"content_type\": 27, \"path\": \"000100020001\", \"owner\": 1, \"pk\": 5, \"url_path\": \"/torchboxcom-homepage/blog/\", \"slug\": \"blog\"}", "page": 5, "user": 1}}, {"pk": 20, "model": "wagtailcore.pagerevision", "fields": {"created_at": "2014-02-19T11:09:35.259Z", "submitted_for_moderation": false, "content_json": "{\"title\": \"Work\", \"numchild\": 1, \"show_in_menus\": true, \"live\": true, \"seo_title\": \"\", \"search_description\": \"\", \"depth\": 3, \"intro\": \"<p>intro</p>\", \"has_unpublished_changes\": false, \"content_type\": 32, \"path\": \"000100020003\", \"owner\": 1, \"pk\": 7, \"url_path\": \"/torchboxcom-homepage/work/\", \"slug\": \"work\"}", "page": 7, "user": 1}}, {"pk": 21, "model": "wagtailcore.pagerevision", "fields": {"created_at": "2014-02-19T12:02:45.847Z", "submitted_for_moderation": false, "content_json": "{\"body\": \"\", \"feed_image\": null, \"related_links\": [], \"title\": \"About\", \"numchild\": 3, \"show_in_menus\": true, \"live\": true, \"seo_title\": \"\", \"search_description\": \"\", \"depth\": 3, \"intro\": \"<p>about us</p>\", \"content_block\": [{\"content\": \"<h3>This is my content block\\u00a0This is my content blockThis is my content blockThis is my content blockThis is my content blockThis is my content blockThis is my content blockThis is my content block</h3><p>This is my content block<span>This is my content block</span><span>This is my content block</span><span>This is my content block</span><span>This is my content block</span><span>This is my content block</span><span>This is my content block</span><br/></p><p><span><br/></span></p><p>This is my content block<span>This is my content block</span><span>This is my content block</span><span>This is my content block</span><span>This is my content block</span><span><br/></span></p>\", \"pk\": 1, \"sort_order\": 0, \"page\": 14}, {\"content\": \"<p>This is my second content block</p>\", \"pk\": 2, \"sort_order\": 1, \"page\": 14}], \"has_unpublished_changes\": false, \"content_type\": 26, \"path\": \"000100020006\", \"owner\": 1, \"pk\": 14, \"url_path\": \"/torchboxcom-homepage/about/\", \"slug\": \"about\"}", "page": 14, "user": 1}}, {"pk": 22, "model": "wagtailcore.pagerevision", "fields": {"created_at": "2014-02-19T12:07:40.092Z", "submitted_for_moderation": false, "content_json": "{\"title\": \"Jobs index\", \"numchild\": 1, \"show_in_menus\": true, \"live\": true, \"seo_title\": \"\", \"search_description\": \"\", \"depth\": 4, \"intro\": \"<p>intro</p>\", \"content_block\": [{\"content\": \"<p>This is my first block of content</p>\", \"pk\": 1, \"sort_order\": 0, \"page\": 6}, {\"content\": \"<p>Ths is another block of content</p>\", \"pk\": 2, \"sort_order\": 1, \"page\": 6}], \"has_unpublished_changes\": false, \"content_type\": 30, \"path\": \"0001000200060001\", \"owner\": 1, \"pk\": 6, \"url_path\": \"/torchboxcom-homepage/about/jobs-index/\", \"slug\": \"jobs-index\"}", "page": 6, "user": 1}}, {"pk": 1, "model": "wagtailcore.grouppagepermission", "fields": {"group": 2, "page": 1, "permission_type": "add"}}, {"pk": 2, "model": "wagtailcore.grouppagepermission", "fields": {"group": 2, "page": 1, "permission_type": "edit"}}, {"pk": 3, "model": "wagtailcore.grouppagepermission", "fields": {"group": 2, "page": 1, "permission_type": "publish"}}, {"pk": 4, "model": "wagtailcore.grouppagepermission", "fields": {"group": 1, "page": 1, "permission_type": "add"}}, {"pk": 5, "model": "wagtailcore.grouppagepermission", "fields": {"group": 1, "page": 1, "permission_type": "edit"}}, {"pk": 4, "model": "torchbox.homepage", "fields": {}}, {"pk": 13, "model": "torchbox.standardpage", "fields": {"body": "", "feed_image": null, "intro": ""}}, {"pk": 14, "model": "torchbox.standardpage", "fields": {"body": "", "feed_image": null, "intro": "<p>about us</p>"}}, {"pk": 5, "model": "torchbox.blogindexpage", "fields": {"intro": "<p>intro</p>"}}, {"pk": 9, "model": "torchbox.blogpage", "fields": {"body": "<p>blog</p>", "date": "2014-02-17", "intro": "", "feed_image": null}}, {"pk": 10, "model": "torchbox.jobpage", "fields": {"body": "<p>body</p>"}}, {"pk": 6, "model": "torchbox.jobindexpage", "fields": {"intro": "<p>intro</p>"}}, {"pk": 11, "model": "torchbox.workpage", "fields": {"body": "", "intro": "", "summary": "summary"}}, {"pk": 7, "model": "torchbox.workindexpage", "fields": {"intro": "<p>intro</p>"}}, {"pk": 12, "model": "torchbox.personpage", "fields": {"feed_image": null, "city": "", "first_name": "A", "post_code": "", "country": "", "image": null, "telephone": "", "last_name": "Person", "role": "", "address_1": "", "address_2": "", "intro": "", "email": "", "biography": ""}}, {"pk": 8, "model": "torchbox.personindexpage", "fields": {"intro": "<p>intro</p>"}}]